<?xml version="1.0" encoding="UTF-8"?>
<!DOCTYPE hibernate-mapping PUBLIC 
"-//Hibernate/Hibernate Mapping DTD//EN"
"http://www.hibernate.org/dtd/hibernate-mapping-3.0.dtd"> 
<hibernate-mapping  package="com.lti.hibstud.stud_proj">
<class name="Student"  table="stud">
     <id name="id" column="id">
     <generator class="sequence">
     <param name="sequence">hib1_seq</param>
     </generator>
     </id>
     <property name="name"  column="name"/>
     <property name="cname" column="cname" />
</class>
</hibernate-mapping>


